palabra,idf
000,3.4800
0ffice365,5.6201
0km,5.6201
10,4.7038
10488,5.6201
10am,4.7038
11,5.6201
11am,5.6201
12,4.9269
12pm,4.9269
14,5.6201
15,4.5214
168,5.6201
17,5.6201
19,5.6201
190,3.9153
192,5.6201
20,4.9269
200,5.2146
2026,5.6201
210,5.6201
22,5.6201
24,4.5214
250,5.6201
2pm,5.2146
30,4.9269
33,5.6201
365,4.7038
3pm,4.7038
430,5.6201
44,5.6201
45,5.6201
450,5.6201
4521,5.6201
48,5.6201
4pm,4.7038
50,5.6201
500,4.9269
55,5.6201
5pm,4.9269
60,5.6201
600,5.6201
6pm,5.2146
77,5.6201
780,5.2146
88213,5.6201
8am,5.6201
90,5.6201
95,5.6201
99,5.6201
9am,4.7038
abierta,5.6201
abiertas,5.2146
abrir,5.6201
abrirá,5.6201
abrió,5.2146
accedan,5.2146
acceder,5.2146
acceso,3.2687
acción,4.9269
acordado,5.2146
acordados,5.6201
acordamos,5.6201
activa,4.7038
activación,5.6201
activar,5.2146
activarla,5.6201
active,5.6201
actividad,4.9269
actividades,4.9269
activo,5.2146
actual,4.2338
actuales,5.6201
actualice,4.3673
actualicen,4.9269
actualices,5.6201
actualicé,5.6201
actualiza,5.2146
actualizacion,5.2146
actualizacioncritica,5.6201
actualización,3.8283
actualizaclavecorp,5.6201
actualizado,4.5214
actualizados,5.2146
actualizando,5.6201
actualizar,4.1160
actualizó,5.2146
actualícela,5.2146
actualízalo,5.6201
acumuló,5.6201
adicional,5.6201
adjunta,5.2146
adjuntamos,4.3673
adjunto,4.9269
administrador,5.6201
administrativas,5.6201
administrativos,5.6201
adquisición,5.6201
aduana,5.2146
advertencia,5.6201
afectar,5.6201
agenda,4.9269
agoten,5.2146
agradecemos,4.9269
agradecimiento,5.6201
agregar,5.6201
ahora,2.4631
ahorrarnos,5.6201
ahí,5.2146
alegría,5.6201
alerta,4.2338
alertas,5.6201
alguien,4.9269
algún,5.2146
almacenamiento,4.9269
almorzamos,5.6201
almorzar,5.6201
ambiente,5.6201
ana,5.6201
andino,5.2146
andrés,5.6201
animas,5.6201
aniversarios,5.6201
antemano,5.6201
anticipación,5.6201
antivirus,5.6201
anual,4.2338
anunciamos,5.6201
anunciar,5.6201
anónima,5.6201
apela,5.2146
apelacion,5.6201
apelaciones,5.6201
apelar,5.6201
apelarpublicacion,5.6201
apenas,4.9269
aplicada,5.6201
aplicar,5.6201
aplique,5.6201
aprobación,4.9269
aprobada,4.7038
aprobar,5.6201
aprovechar,5.6201
apruebe,5.6201
apruebes,5.6201
aquí,4.7038
archivos,4.7038
asamblea,5.6201
asegura,5.6201
asegurar,5.6201
asegurarme,5.6201
asignada,5.6201
asignadas,5.6201
asignamos,5.6201
asignó,5.6201
asistencia,4.7038
asociado,5.6201
así,5.2146
atención,4.9269
atenta,5.6201
auditorio,5.6201
ausencia,5.6201
automatización,5.6201
automática,5.6201
automáticamente,4.9269
automático,4.7038
autorizado,5.2146
autorizados,5.6201
autoservicio,5.2146
avance,5.2146
avances,5.6201
avisaremos,5.6201
aviso,4.9269
avísame,5.2146
avísenme,5.2146
ayer,5.2146
ayuda,4.9269
ayudan,5.6201
azar,5.6201
azul,5.6201
año,4.7038
años,5.6201
aún,5.6201
banc0,5.6201
banca,5.6201
bancaria,4.9269
bancarios,3.3688
banco,4.3673
bancoalerta2026,5.6201
banconacional,5.2146
bancosur,5.6201
bandeja,5.6201
beneficiario,5.2146
beneficio,5.6201
bien,4.9269
bienvenida,5.6201
bienvenido,5.6201
bit,3.1777
bloqueada,4.5214
bloqueado,5.6201
bloqueo,5.2146
boleto,5.6201
boletín,4.0106
bono,5.2146
bonoanualverificacion,5.6201
borrador,5.6201
breve,5.6201
buen,5.6201
buena,5.2146
buenas,4.5214
buenos,3.4800
business,5.6201
caducado,5.6201
caducó,4.9269
cafetería,5.6201
café,5.6201
calendario,5.6201
calendarios,5.6201
calidad,5.6201
calificado,5.6201
cambiar,4.9269
cambie,5.2146
cambio,4.0106
cambiocuentanomina,5.6201
cambios,4.5214
cambié,5.6201
camila,5.6201
camino,5.6201
campaña,5.6201
canal,5.6201
cancelación,5.2146
cancelado,5.6201
cancelar,5.2146
cancelarsolicitud,5.6201
cancele,5.2146
canjeapuntos,5.6201
canjee,5.6201
canjéelos,5.6201
capacitación,4.9269
cargo,5.2146
carlos,5.2146
carpetas,5.6201
castillo,5.6201
cautelar,5.6201
celebramos,5.6201
cerca,5.6201
cerrada,4.9269
cerrado,5.6201
certificación,5.6201
certificado,5.2146
certificados,5.6201
cierre,4.0106
cita,5.6201
ciudad,5.6201
claras,5.6201
claro,5.2146
clave,4.1160
clavedefinitiva,5.6201
claves,5.6201
clic,4.7038
cliente,2.6496
clientefrecuente,5.6201
clientes,5.2146
clima,5.2146
club,5.6201
cláusulas,5.6201
co,5.6201
cobrada,5.6201
cobrar,5.6201
cobro,4.9269
cobros,5.6201
coincidamos,5.6201
colaborador,3.3688
colaboradores,4.0106
colegas,5.6201
com,3.4228
comentario,5.6201
comentarios,5.6201
comentarte,5.6201
comentes,5.2146
comento,5.6201
comercial,5.2146
comparte,5.2146
compartida,5.6201
compartido,5.2146
compartidos,5.6201
compartimos,4.1160
compartir,5.6201
compartirán,5.6201
comparto,4.7038
compañeros,5.6201
complace,5.6201
completa,4.9269
completados,5.6201
completar,4.9269
completarse,5.6201
complete,4.7038
completos,4.9269
completó,5.6201
complételo,5.6201
compra,3.9153
compras,5.6201
compres,5.6201
comprometer,5.6201
comprometida,5.6201
comprometido,5.6201
compromiso,5.2146
computadora,5.6201
comunicado,5.6201
comunidad,5.6201
condiciones,5.6201
conectado,5.6201
conectas,5.6201
conexión,4.9269
conferencias,4.9269
confianza,5.6201
confiar,5.6201
confidencial,4.7038
configuración,5.6201
confirma,4.9269
confirmaciondueno,5.6201
confirmación,3.4800
confirmado,5.2146
confirmamos,3.6052
confirmando,5.6201
confirmar,3.8283
confirmaraccesos,5.6201
confirmarme,5.6201
confirmarmigracion,5.6201
confirmarnumero,5.6201
confirmas,5.6201
confirme,4.3673
confirmen,5.2146
confirmes,5.6201
confirmo,5.2146
conflicto,5.6201
conforme,5.6201
conjunta,5.6201
conocen,5.6201
conocer,5.2146
conservar,5.6201
conservarla,5.2146
consulta,5.2146
consultarlo,5.6201
consultas,5.6201
consumo,5.6201
contabilidad,5.6201
contable,5.6201
contacta,5.6201
contacte,5.2146
contacto,5.2146
contamos,5.6201
continuar,5.6201
continuará,5.6201
continuidad,5.6201
contrario,5.6201
contraseña,3.0943
contrato,5.2146
control,5.6201
contáctame,5.6201
conversamos,5.6201
convocamos,5.6201
convocatoria,4.9269
coordinación,5.6201
coordinar,4.9269
coordinarlo,5.6201
copia,5.6201
corporativa,4.3673
corporativo,4.5214
corporativos,5.2146
correccion,5.6201
corrección,5.2146
correcto,5.6201
corregir,5.6201
correo,3.5406
correspondiente,4.9269
corrígela,5.6201
cortado,5.6201
corte,5.6201
cotización,5.6201
credenciales,4.1160
cronograma,4.7038
crédito,5.2146
crítica,5.6201
crítico,5.6201
críticos,5.6201
cualquier,4.1160
cuanto,5.6201
cubrir,5.2146
cubro,5.6201
cuenta,2.4420
cuentas,4.7038
cuenten,5.6201
cultural,5.6201
cumplir,5.6201
cupos,4.9269
curso,5.2146
cédula,5.6201
código,5.6201
códigos,5.6201
cómo,5.2146
cómodos,5.6201
damos,5.6201
daremos,5.6201
darle,5.6201
darte,5.2146
datos,2.4420
datosbancarios,5.6201
debe,3.8283
debido,5.6201
debo,5.6201
decisión,5.6201
dedicación,5.6201
definitiva,5.2146
definitivamente,5.6201
deje,5.6201
delicado,5.2146
dentro,5.2146
denuncia,5.6201
departamento,5.2146
depositar,5.6201
deposito,5.6201
depósito,4.5214
desactivada,5.6201
desactivado,5.2146
desactualizado,5.6201
desarrollo,5.6201
desbloquear,5.6201
desbloqueaya,5.6201
desbloqueoti,5.6201
desbloquéela,5.2146
descargue,5.2146
desconocido,5.2146
descubra,5.6201
descubrir,5.6201
desea,5.6201
desean,5.6201
deseas,5.6201
desempeño,5.2146
despachado,5.6201
despacho,5.6201
destacado,5.6201
destacamos,5.6201
desvincular,5.6201
desvincúlalo,5.6201
detalle,5.6201
detalles,4.2338
detectado,4.5214
detectamos,3.5406
detectó,4.9269
devuelto,5.2146
devueltos,5.6201
diciembre,5.6201
diego,5.6201
digital,5.6201
dirección,5.2146
directa,5.6201
directamente,4.7038
director,5.6201
directorio,5.6201
disculpen,5.6201
diseño,5.6201
disfruten,5.6201
disponibilidad,5.2146
disponible,4.2338
disponibles,5.2146
disposición,5.6201
dispositivo,4.5214
documental,5.2146
documento,4.9269
documentos,5.6201
dominio,5.6201
dos,5.2146
duda,4.7038
dudas,5.2146
dueño,5.6201
duplicado,5.2146
día,4.7038
días,3.1777
edición,5.2146
efectivo,5.2146
ejemplar,5.6201
electrónica,5.6201
electrónico,5.6201
elegibilidad,5.6201
eliminacion,5.6201
eliminación,5.6201
eliminada,5.2146
eliminar,5.6201
emergencia,5.6201
empresa,4.5214
encontrarán,5.6201
encuentra,5.6201
encuentran,5.6201
encuesta,5.2146
enlace,5.2146
ente,5.6201
entonces,5.6201
entra,5.6201
entrega,4.2338
entregado,4.9269
enviada,5.2146
enviadas,5.6201
enviar,4.9269
enviarlo,5.6201
enviaste,5.2146
envíame,5.6201
envíe,5.2146
envíes,5.6201
envío,4.9269
equipo,2.5065
equipos,4.9269
equivalen,5.6201
error,5.6201
errores,5.6201
esas,5.6201
escribirnos,5.6201
escríbanme,5.6201
escríbannos,5.2146
escríbeme,5.6201
escáner,5.6201
esfuerzo,5.6201
espacio,5.6201
especial,5.2146
especialmente,5.2146
esperamos,4.7038
estado,5.2146
estadía,5.6201
estamos,5.2146
estará,5.6201
estarán,5.2146
estimadas,5.6201
estimado,1.6688
estimados,3.9153
estoy,5.2146
estuve,5.6201
está,4.0106
están,5.2146
esté,5.2146
evaluación,5.6201
evento,5.6201
evitamos,5.6201
evitar,3.6741
evite,5.2146
exceder,5.6201
excelente,5.6201
exceso,5.6201
exitosa,5.6201
exitosamente,4.5214
exitoso,5.6201
expira,5.6201
expire,4.5214
expiren,5.2146
expiró,4.9269
explicar,5.6201
exponiendo,5.6201
externa,5.2146
factura,4.9269
facturacion,5.2146
facturación,5.6201
facturaelectronica,5.6201
fallida,5.6201
fallido,5.6201
fallidos,5.6201
falló,5.2146
falta,4.7038
favor,4.2338
fecha,5.6201
fechas,5.2146
feedback,5.6201
felicidades,4.7038
felicitaciones,5.2146
felicitarlos,5.6201
feria,5.6201
fernanda,5.6201
filtración,5.6201
fin,4.2338
final,5.2146
financiero,5.6201
finanzas,5.6201
firewall,5.6201
firma,5.6201
firmarlo,5.6201
flujo,5.6201
fondos,5.2146
forma,4.9269
formulario,4.2338
fotos,5.6201
frecuente,5.6201
fueron,5.2146
fuiste,4.9269
funcionalidades,5.6201
físico,5.6201
fútbol,5.6201
gabriela,5.6201
ganado,5.6201
ganador,4.5214
ganador2026,5.6201
ganadores,5.6201
ganar,5.6201
gane,5.6201
ganó,4.9269
gastos,4.9269
generada,5.6201
general,5.2146
generar,5.2146
generará,5.2146
genere,4.9269
generen,5.6201
generó,5.6201
gerencia,5.2146
gerente,5.6201
gestionar,5.6201
gestionarán,5.6201
gestiones,5.6201
gestión,4.7038
google,4.9269
gracias,3.7483
gran,5.6201
gratis,4.9269
gratuita,5.6201
gustaría,5.6201
gusto,5.2146
guía,5.2146
ha,4.3673
haber,5.6201
habilitamos,5.6201
habilitó,5.6201
habitual,4.1160
hablar,5.2146
habrá,5.6201
hace,4.9269
hacer,5.2146
hacerlo,5.6201
haga,4.7038
hagas,5.6201
herramienta,5.2146
hola,2.1701
hora,5.2146
horario,4.9269
horas,3.8283
hotel,5.6201
hoy,3.0943
http,1.7593
humanos,4.9269
hábiles,5.2146
hágalo,5.6201
híbrido,5.6201
idea,5.6201
ideas,5.2146
identidad,4.1160
identificados,5.6201
impaga,5.6201
impago,5.6201
implementación,5.6201
implementadas,5.6201
implementado,5.6201
importante,4.9269
importantes,5.6201
impreso,5.6201
impresoras,5.6201
inactivas,5.6201
inactividad,4.9269
incidencia,5.6201
incluyendo,4.1160
inconveniente,5.6201
incorporaron,5.2146
incorporó,5.6201
incumplimiento,5.2146
incumplir,5.6201
indicadores,5.6201
indican,5.6201
infección,5.6201
info,2.5996
información,4.5214
informados,5.6201
informamos,4.5214
informes,5.6201
informática,5.6201
informático,5.6201
informáticos,5.6201
ingresa,5.2146
ingresando,2.9810
ingresar,5.6201
ingrese,3.6741
inicia,5.6201
iniciando,5.6201
iniciar,5.2146
iniciará,5.6201
iniciativas,5.6201
inicie,5.6201
inicio,4.7038
inmediata,5.2146
inmediatamente,5.6201
inmediato,4.7038
inminente,5.2146
innovación,4.9269
inscribirse,5.6201
inscripciones,5.2146
insignia,5.6201
instagram,5.6201
instalar,5.6201
instalarla,5.6201
instrucciones,5.6201
instructivo,5.2146
insumos,5.6201
integrantes,5.6201
intento,5.2146
intentos,5.6201
intentó,5.2146
interactuando,5.6201
interesado,5.6201
interesados,5.6201
intereses,5.2146
interna,4.7038
internacional,5.2146
interno,3.2687
internos,4.7038
interrupciones,5.6201
intranet,4.3673
intruso,5.6201
inusual,4.7038
invitación,5.6201
invitamos,5.6201
invito,5.6201
involucradas,5.6201
iphone,5.6201
javier,5.6201
jefatura,4.9269
jefaturas,5.6201
jueves,4.5214
julio,5.6201
junto,5.6201
juntos,4.7038
kickoff,5.6201
kilos,5.6201
laboral,4.9269
laborales,5.2146
laboratorio,5.6201
lanzamos,5.6201
largo,5.6201
leas,5.6201
leer,5.6201
levantar,5.6201
liberar,5.6201
libre,5.6201
licencia,5.6201
licencias,5.6201
liderazgo,5.6201
limitado,5.6201
limitados,5.6201
limpieza,5.6201
limpiezaequipo,5.6201
linkedin,5.6201
listos,5.6201
llame,5.6201
llegará,4.9269
lleva,5.6201
llevaré,5.6201
login,5.6201
logramos,5.6201
logros,5.6201
logística,5.6201
lotería,5.6201
luego,5.6201
luis,5.6201
lunes,4.9269
ly,3.1777
límite,5.2146
línea,5.2146
mantendré,5.6201
mantener,4.7038
mantenimiento,4.9269
marcha,5.6201
marketing,5.6201
martes,4.7038
masiva,5.6201
material,5.2146
mañana,4.2338
medianoche,5.2146
medio,5.6201
mediodía,5.6201
mejora,4.9269
mejorar,5.6201
mejoras,5.6201
menores,5.6201
mensaje,5.6201
mensajes,5.6201
mensual,4.5214
mentoría,5.6201
menú,5.6201
mes,3.1352
mesa,5.2146
meses,5.6201
meta,5.6201
metododepago,5.6201
mi,4.7038
mientras,5.6201
migracion,5.6201
migración,5.6201
migrada,5.2146
miguel,5.2146
miles,5.6201
minuta,5.6201
minutos,5.6201
mis,5.6201
mismo,3.8283
miércoles,5.2146
mobiliario,5.6201
molestias,5.6201
momento,4.7038
moratorios,5.2146
mostró,5.6201
motivos,4.9269
movimientos,5.6201
movió,5.6201
muchas,5.6201
médica,5.6201
método,5.2146
módulo,5.6201
múltiples,5.6201
nacional,5.2146
nadie,5.6201
navegación,5.6201
necesita,5.2146
necesitamos,5.2146
necesites,5.6201
necesito,4.2338
negociando,5.6201
net,4.7038
newsletter,5.6201
noche,5.6201
nomina,5.6201
normalizado,5.6201
normalmente,5.6201
normas,5.6201
normativa,5.2146
nota,5.6201
notacredito,5.6201
notificaciones,5.6201
notificación,4.5214
novedades,4.3673
nube,5.2146
nuestra,3.9153
nuestras,4.3673
nuestro,4.2338
nuestros,5.2146
nueva,3.6052
nuevaclavecorreo,5.6201
nuevaclavevpn,5.6201
nuevas,4.3673
nuevo,3.4228
nuevos,4.9269
nómina,4.7038
número,4.0106
obligatoria,5.2146
obligatorio,5.2146
obtener,5.6201
ocupado,5.6201
ocurrió,5.6201
oferta,5.6201
office,4.7038
office365,5.2146
oficial,5.2146
oficina,4.7038
oficinas,5.6201
onboarding,5.6201
opciones,5.6201
operaciones,5.2146
operativos,5.6201
opinión,5.6201
oportunidad,4.9269
oportunidades,5.6201
optimizar,5.2146
orden,5.2146
organigrama,5.6201
organizamos,5.6201
organizar,5.6201
pagar,5.6201
pago,3.2222
pagoaduanas,5.6201
pagoenvio,5.6201
pagos,4.3673
pague,5.2146
papel,5.2146
paquete,5.6201
par,5.6201
parece,5.2146
pareció,5.6201
parte,4.7038
participación,5.2146
participante,5.6201
participantes,5.6201
participar,5.2146
participaron,5.6201
partir,5.2146
pasada,5.6201
pasado,5.6201
pasar,5.6201
paso,5.6201
pasos,5.6201
país,4.9269
pc,5.6201
pedido,4.0106
pedimos,5.6201
pendiente,4.1160
pendientes,5.6201
pensando,5.6201
perder,3.7483
perderá,5.6201
perfectas,5.6201
perfil,4.7038
permanente,5.2146
permanentemente,5.6201
permisos,5.2146
permitidos,5.6201
persiste,5.6201
personal,5.6201
personales,4.1160
pido,5.6201
pierda,5.2146
piloto,5.6201
piso,5.6201
plan,5.6201
plataforma,5.6201
plazo,5.2146
podemos,5.6201
poder,5.2146
podrá,5.6201
podría,4.7038
podrías,4.9269
política,4.3673
políticas,5.2146
pone,5.6201
portal,4.7038
posible,4.9269
postular,5.6201
postularlo,5.6201
preferencia,5.6201
prefiero,5.2146
pregunta,5.6201
preguntas,5.6201
premiado,5.6201
premio,3.9153
premios,4.9269
premiosurgentes,5.6201
premium,5.6201
preparen,5.6201
preseleccionado,5.6201
preseleccionpremios,5.6201
presenta,5.2146
presentación,5.2146
presentados,5.6201
presupuestario,5.6201
primer,5.6201
primero,5.6201
principal,5.6201
principales,5.6201
privacidad,5.6201
probamos,5.6201
problema,5.6201
proceder,5.6201
procesada,5.2146
procesar,4.5214
procese,5.6201
proceses,5.6201
proceso,4.1160
procesos,5.2146
producción,5.6201
producto,5.6201
productos,5.6201
profesional,5.6201
programa,4.9269
programada,4.9269
programadas,5.6201
programado,5.6201
prolongada,5.6201
promedio,5.6201
promoción,5.6201
pronto,5.6201
propuesta,4.9269
proteccion,5.6201
protección,5.2146
protege,5.6201
proteger,4.5214
proveedor,4.1160
proveedores,5.2146
proyecto,4.9269
proyectos,4.2338
próxima,4.9269
próximas,4.7038
próximo,3.5406
próximos,4.7038
publicación,5.6201
publicidad,5.6201
publicidadgratis,5.6201
publicitario,5.6201
pudimos,5.6201
pudo,5.2146
puedas,5.2146
puede,4.3673
pueden,3.9153
puedes,4.7038
puedo,5.6201
punto,5.6201
puntos,5.2146
pusiste,5.6201
página,5.2146
pérdida,5.2146
queda,5.6201
quedaron,5.6201
quedará,5.6201
quede,5.6201
queden,5.6201
quedo,5.6201
quedó,5.2146
quería,5.6201
quiero,5.6201
quién,5.6201
reactivacion,5.6201
reactivación,5.2146
reactivar,5.6201
reactivarla,5.2146
reactívelo,5.6201
real,5.6201
realice,5.6201
realicen,5.6201
realiza,5.6201
realizada,5.6201
realizamos,5.6201
realizar,5.6201
realizaremos,5.2146
realizará,4.5214
realizó,5.2146
recepción,5.2146
rechazada,5.6201
rechazado,5.6201
recibida,5.6201
recibir,4.7038
recibirlo,5.2146
recibirá,5.6201
recibo,5.2146
reciclaje,5.6201
reciclar,5.6201
reciente,5.2146
recientes,5.2146
reclamapremio,5.6201
reclamar,4.7038
reclame,5.2146
reclutadores,5.6201
reclámela,5.6201
reclámelo,5.6201
reconocer,5.6201
reconocida,5.6201
reconocimiento,5.6201
recordamos,4.1160
recordatorio,3.9153
recuerden,5.6201
recuerdo,5.2146
recursos,4.9269
redsocial,5.6201
reducción,5.6201
redujo,5.6201
reembolso,4.7038
reembolsos,5.6201
referente,5.6201
referidos,5.6201
reflejará,5.6201
regalo,5.6201
regional,5.6201
registrada,4.5214
registrado,5.6201
registro,5.2146
registros,5.6201
registró,5.6201
reglamento,5.6201
regulador,5.6201
regularice,5.2146
regularizar,5.2146
reingresar,5.6201
relacionado,5.6201
remitente,5.6201
remota,4.9269
remotamente,5.6201
renovación,4.7038
renovada,5.2146
renovamos,5.6201
renovar,4.3673
renovarlo,5.2146
renovarsoporte,5.6201
renovarvpn,5.6201
renovó,5.6201
renueve,4.9269
repartir,5.6201
reportada,4.7038
reportadas,5.6201
reporte,4.9269
reportes,5.2146
reprogramación,5.6201
reprogramar,5.2146
repórtenlo,5.6201
requerida,4.3673
requerido,5.6201
requiere,4.7038
reserva,5.6201
reservar,5.6201
resolver,5.6201
respaldo,5.6201
responda,5.6201
responde,5.6201
respondiendo,5.6201
responsable,5.6201
respuesta,5.6201
respuestas,5.2146
respóndeme,5.6201
restablecerclavecorp,5.6201
restablecida,5.6201
restablecimiento,5.6201
restricción,5.6201
restringida,5.6201
restringido,5.2146
restrinja,5.6201
resuelta,5.6201
resultado,5.6201
resultados,4.7038
resultó,5.2146
resumen,4.7038
retención,5.6201
retenido,5.6201
retirar,5.6201
retirarlo,5.6201
retrase,5.6201
retraso,5.6201
retroalimentación,5.2146
reunión,3.3175
revisa,5.6201
revisada,5.2146
revisar,3.8283
revisarlo,5.2146
revisarlos,5.6201
revisarprivacidad,5.6201
revise,5.6201
revisen,5.2146
revision,5.2146
revisión,5.2146
revista,5.6201
revisé,5.6201
revísalas,5.6201
ricardo,5.6201
riesgo,5.2146
roberto,5.2146
robo,5.6201
rrhh,4.5214
rápida,5.6201
rápidas,5.6201
sala,4.7038
saldo,5.6201
salir,5.6201
saludables,5.6201
saludos,5.6201
satisfacción,5.6201
sea,5.2146
sección,5.2146
sede,5.6201
seguidor,5.6201
seguimiento,4.7038
seguridad,3.4228
seguro,5.6201
según,4.7038
seleccionada,5.6201
seleccionado,4.7038
semana,3.9153
semanal,4.5214
semanalmente,5.6201
semanas,5.6201
semestral,5.6201
semestre,5.6201
servicio,4.3673
servicios,5.6201
servidor,4.9269
será,3.1352
serán,5.2146
sesion,5.6201
sesión,3.9153
si,3.0943
sido,4.9269
siendo,5.6201
sientan,5.6201
sigues,5.6201
siguiente,5.6201
sistema,3.6052
sistemas,4.7038
social,5.6201
software,5.2146
sofía,5.6201
solicitadas,5.2146
solicitado,5.2146
solicitados,5.6201
solicitar,5.6201
solicite,5.6201
solicitud,4.0106
solicitudes,5.2146
solicitó,5.6201
solo,4.7038
solución,5.6201
soporte,4.3673
soportepremium,5.6201
sorpresa,5.6201
sorteo,4.5214
sorteosemanal,5.6201
sospechosa,5.2146
sospechoso,5.2146
sostenibilidad,5.6201
spam,5.6201
sprint,5.6201
streaming,5.2146
sucursal,5.6201
sugerencias,5.6201
suministro,5.6201
suministros,5.6201
superó,5.6201
suscripción,4.3673
suscriptor,4.9269
suspendida,4.5214
suspendido,5.6201
suspension,5.6201
suspensión,4.7038
sábado,5.6201
sólida,5.6201
tablero,5.6201
taller,5.2146
tarde,5.6201
tardes,5.2146
tarea,5.6201
tareas,5.2146
tarjeta,4.0106
tarjetas,5.6201
te,3.7483
tecnologia,5.6201
tecnológicas,5.6201
telefonia,5.6201
telefonía,5.6201
teletrabajo,5.6201
teléfono,5.2146
tema,4.9269
temporal,5.6201
temporalmente,5.6201
tendremos,5.6201
tenemos,5.2146
tengan,5.6201
tengas,5.2146
tengo,4.7038
tentativas,5.6201
tesoreria,5.6201
tesorería,5.6201
ti,4.3673
ticket,5.6201
tiempo,4.5214
tienda,5.6201
tienen,5.6201
tienes,4.9269
tinyurl,4.5214
todas,5.2146
todavía,5.6201
token,5.6201
toma,5.6201
tome,5.6201
torneo,5.6201
trabajando,5.6201
trabajaremos,5.6201
trabajo,4.5214
transacciones,5.6201
transferencia,4.9269
transferencias,5.6201
tras,5.2146
traslada,5.6201
través,4.9269
tres,4.9269
trimestre,4.2338
trivia,5.6201
tu,3.2687
turno,5.6201
tus,4.7038
tuvimos,5.2146
técnica,5.6201
técnico,4.9269
tú,5.2146
unidades,5.6201
uniformes,5.6201
urgente,3.1777
usando,5.2146
usar,5.6201
usd,5.6201
usen,5.6201
usted,4.1160
usuario,2.5065
usuarios,4.2338
vacaciones,5.2146
vacante,5.6201
vacantes,5.6201
valentina,5.6201
validar,5.2146
validez,5.6201
varios,4.3673
veas,5.6201
vehiculos,5.6201
vehículo,5.6201
vemos,5.2146
vence,4.9269
vencer,5.6201
vencimiento,5.6201
ventas,4.9269
venzan,5.6201
verifbanco2026,5.6201
verifica,5.6201
verificacion,4.3673
verificacionidentidad,5.6201
verificacionobligatoria,5.6201
verificación,4.3673
verificacuentaya,5.6201
verificada,5.6201
verificando,5.6201
verificar,4.3673
verifique,4.0106
verlo,5.6201
versión,5.6201
vestimenta,5.6201
viaje,5.6201
videollamada,5.6201
viernes,3.6052
vigencia,5.6201
vigente,5.6201
vinculada,5.6201
viola,5.6201
virus,5.6201
visibilidad,5.6201
vistazo,5.6201
voucher,5.6201
vpn,4.5214
vuelva,5.6201
web,5.6201
whatsapp,5.6201
workspace,5.2146
ágil,5.2146
área,4.2338
áreas,5.2146
échale,5.6201
última,4.9269
últimas,5.6201
única,5.6201